Temp,K
772.8146138,1.000516125
872.67463,1.100412101
972.8731547,1.100580254
1073.071679,1.100813165
1172.931696,1.101174807
