Temp,Density
642.8587315,2017.599162
712.8830057,1995.412101
748.1583919,1982.879928
800.8082221,1966.127737
850.2990625,1947.904934
878.7299708,1937.738528
922.9558282,1919.771484
1000.877577,1894.003802
1077.746329,1864.207921
1108.28323,1854.872731
1161.986057,1828.273833
1173.56902,1820.984711
