Temp,Density
800.2817238,2022.602441
820.2886593,2012.475997
840.2955948,2002.461448
859.776032,1992.406937
880.3094657,1983.327505
899.1581049,1974.062649
911.3728655,1968.109866
922.3708301,1962.589743
936.644784,1954.938297
945.8585043,1950.990023
959.8107093,1944.96371
978.8962728,1935.324806
985.0826278,1931.85608
1000.877577,1924.24726
1017.140524,1916.041671
1023.517004,1913.729187
1039.180328,1905.113318
1060.635134,1895.546346
1079.852322,1886.011344
