Temp,K
820.882825,1.028402206
824.9449273,1.071943978
929.2055544,1.184650846
1025.003468,1.160409079
1135.01874,1.129220796
