Temp,Vis
872.8609955,7.504955917
972.7141993,4.591399397
1072.802352,3.19179824
