Temp,Vis
740.1803574,29.90898697
760.1606821,25.36558868
780.1410067,21.76758437
799.7513254,18.79372368
820.101656,16.32468501
839.7119746,14.2819405
860.0623053,12.58441268
