Temp,Vis
872.6260468,8.411065629
972.7141993,5.202545994
1072.802352,3.467191459
