Temp,K
772.8146138,1.000319184
872.67463,1.100126944
972.8731547,1.100126944
1073.071679,1.100126944
1173.270204,1.100126944
