Temp,K
820.882825,1.028165484
824.9449273,1.071769768
929.2055544,1.184234283
1025.003468,1.159769833
1135.01874,1.12832582
