Temp,Vis
772.7216036,9.216448487
872.6659243,4.749918545
972.610245,2.920663153
1072.554566,1.961147239
